﻿<?xml version="1.0" encoding="UTF-8"?>
<!---1表示按照原始读数显示，不进行读数控制。分号之前的是靶值，应输入正数或零值表示要展示的值。-->
<!--对于各种定标液质控液来说，靶值代表发光值，其他是浓度。-->
<!--分号后的是变化百分比，应该是一个整数，表示一个百分数，是靶值的正负变化范围。-->
<实验预设>
  <ASP>
    <标准品A>-1;-1</标准品A>
    <标准品B>-1;-1</标准品B>
    <标准品C>-1;-1</标准品C>
    <标准品D>-1;-1</标准品D>
    <标准品E>-1;-1</标准品E>
    <标准品F>-1;-1</标准品F>
    <标准品G>-1;-1</标准品G>
    <质控品L>-1;-1</质控品L>
    <质控品M>-1;-1</质控品M>
    <质控品N>-1;-1</质控品N>
    <Auto007>-1;-1</Auto007>
    <Auto008>-1;-1</Auto008>
    <Auto009>-1;-1</Auto009>
    <Auto010>-1;-1</Auto010>
    <Auto011>-1;-1</Auto011>
    <Auto012>-1;-1</Auto012>
    <Auto013>-1;-1</Auto013>
    <Auto014>-1;-1</Auto014>
    <Auto015>-1;-1</Auto015>
    <Auto016>-1;-1</Auto016>
    <Auto017>-1;-1</Auto017>
    <Auto018>-1;-1</Auto018>
    <Auto019>-1;-1</Auto019>
    <Auto020>-1;-1</Auto020>
    <Auto021>-1;-1</Auto021>
    <Auto022>-1;-1</Auto022>
    <Auto023>-1;-1</Auto023>
    <Auto024>-1;-1</Auto024>
    <Auto025>-1;-1</Auto025>
    <Auto026>-1;-1</Auto026>
    <yb001>-1;-1</yb001>
    <yb002>-1;-1</yb002>
    <yb003>-1;-1</yb003>
    <yb004>-1;-1</yb004>
    <yb005>-1;-1</yb005>
    <yb006>-1;-1</yb006>
    <yb007>-1;-1</yb007>
    <yb008>-1;-1</yb008>
    <yb009>-1;-1</yb009>
    <yb010>-1;-1</yb010>
    <yb011>-1;-1</yb011>
    <yb012>-1;-1</yb012>
    <yb013>-1;-1</yb013>
    <yb014>-1;-1</yb014>
    <yb015>-1;-1</yb015>
    <yb016>-1;-1</yb016>
    <yb017>-1;-1</yb017>
    <yb018>-1;-1</yb018>
    <yb019>-1;-1</yb019>
    <yb020>-1;-1</yb020>
    <yb021>-1;-1</yb021>
    <yb022>-1;-1</yb022>
    <yb023>-1;-1</yb023>
    <yb024>-1;-1</yb024>
    <yb025>-1;-1</yb025>
    <yb026>-1;-1</yb026>
    <yb027>-1;-1</yb027>
    <yb028>-1;-1</yb028>
    <yb029>-1;-1</yb029>
    <yb030>-1;-1</yb030>
    <yb031>-1;-1</yb031>
    <yb032>-1;-1</yb032>
    <yb033>-1;-1</yb033>
    <yb034>-1;-1</yb034>
    <yb035>-1;-1</yb035>
    <yb036>-1;-1</yb036>
    <yb037>-1;-1</yb037>
    <yb038>-1;-1</yb038>
    <yb039>-1;-1</yb039>
    <yb040>-1;-1</yb040>
    <yb041>-1;-1</yb041>
    <yb042>-1;-1</yb042>
    <yb043>-1;-1</yb043>
    <yb044>-1;-1</yb044>
    <yb045>-1;-1</yb045>
    <yb046>-1;-1</yb046>
    <yb047>-1;-1</yb047>
    <yb048>-1;-1</yb048>
    <yb049>-1;-1</yb049>
    <yb050>-1;-1</yb050>
    <Auto001001>-1;-1</Auto001001>
    <Auto001002>-1;-1</Auto001002>
    <Auto001003>-1;-1</Auto001003>
    <Auto001004>-1;-1</Auto001004>
    <Auto001005>-1;-1</Auto001005>
    <Auto001006>-1;-1</Auto001006>
    <Auto001007>-1;-1</Auto001007>
    <Auto001008>-1;-1</Auto001008>
    <Auto001009>-1;-1</Auto001009>
    <Auto001010>-1;-1</Auto001010>
    <Auto001>-1;-1</Auto001>
    <Auto002>-1;-1</Auto002>
    <Auto003>-1;-1</Auto003>
    <Auto004>-1;-1</Auto004>
    <Auto005>-1;-1</Auto005>
    <Auto006>-1;-1</Auto006>
    <Auto027>-1;-1</Auto027>
    <Auto028>-1;-1</Auto028>
    <Auto029>-1;-1</Auto029>
    <Auto030>-1;-1</Auto030>
    <Auto031>-1;-1</Auto031>
    <Auto032>-1;-1</Auto032>
    <Auto033>-1;-1</Auto033>
    <Auto034>-1;-1</Auto034>
    <Auto035>-1;-1</Auto035>
    <Auto036>-1;-1</Auto036>
    <Auto037>-1;-1</Auto037>
    <Auto038>-1;-1</Auto038>
    <Auto039>-1;-1</Auto039>
    <Auto040>-1;-1</Auto040>
    <Auto041>-1;-1</Auto041>
    <Auto042>-1;-1</Auto042>
    <Auto043>-1;-1</Auto043>
    <样品编号示例>-1;-1</样品编号示例>
  </ASP>
  <AFP>
    <标准品A>-1;-1</标准品A>
    <标准品B>-1;-1</标准品B>
    <标准品C>-1;-1</标准品C>
    <标准品D>-1;-1</标准品D>
    <标准品E>-1;-1</标准品E>
    <标准品F>-1;-1</标准品F>
    <标准品G>-1;-1</标准品G>
    <质控品L>-1;-1</质控品L>
    <质控品M>-1;-1</质控品M>
    <质控品N>-1;-1</质控品N>
    <yb001>-1;-1</yb001>
    <yb002>-1;-1</yb002>
    <yb003>-1;-1</yb003>
    <yb004>-1;-1</yb004>
    <yb005>-1;-1</yb005>
    <yb006>-1;-1</yb006>
    <yb007>-1;-1</yb007>
    <yb008>-1;-1</yb008>
    <yb009>-1;-1</yb009>
    <yb010>-1;-1</yb010>
    <yb011>-1;-1</yb011>
    <yb012>-1;-1</yb012>
    <yb013>-1;-1</yb013>
    <yb014>-1;-1</yb014>
    <yb015>-1;-1</yb015>
    <yb016>-1;-1</yb016>
    <yb017>-1;-1</yb017>
    <yb018>-1;-1</yb018>
    <yb019>-1;-1</yb019>
    <yb020>-1;-1</yb020>
    <yb021>-1;-1</yb021>
    <yb022>-1;-1</yb022>
    <yb023>-1;-1</yb023>
    <yb024>-1;-1</yb024>
    <yb025>-1;-1</yb025>
    <yb026>-1;-1</yb026>
    <yb027>-1;-1</yb027>
    <yb028>-1;-1</yb028>
    <yb029>-1;-1</yb029>
    <yb030>-1;-1</yb030>
    <yb031>-1;-1</yb031>
    <yb032>-1;-1</yb032>
    <yb033>-1;-1</yb033>
    <yb034>-1;-1</yb034>
    <yb035>-1;-1</yb035>
    <yb036>-1;-1</yb036>
    <yb037>-1;-1</yb037>
    <yb038>-1;-1</yb038>
    <yb039>-1;-1</yb039>
    <yb040>-1;-1</yb040>
    <yb041>-1;-1</yb041>
    <yb042>-1;-1</yb042>
    <yb043>-1;-1</yb043>
    <yb044>-1;-1</yb044>
    <yb045>-1;-1</yb045>
    <yb046>-1;-1</yb046>
    <yb047>-1;-1</yb047>
    <yb048>-1;-1</yb048>
    <yb049>-1;-1</yb049>
    <yb050>-1;-1</yb050>
    <Auto007>-1;-1</Auto007>
    <Auto008>-1;-1</Auto008>
    <Auto009>-1;-1</Auto009>
    <Auto010>-1;-1</Auto010>
    <Auto011>-1;-1</Auto011>
    <Auto001>-1;-1</Auto001>
    <Auto004>-1;-1</Auto004>
    <Auto005>-1;-1</Auto005>
    <Auto006>-1;-1</Auto006>
    <Auto012>-1;-1</Auto012>
    <Auto013>-1;-1</Auto013>
    <Auto002>-1;-1</Auto002>
    <Auto003>-1;-1</Auto003>
    <Auto014>-1;-1</Auto014>
    <Auto015>-1;-1</Auto015>
    <Auto016>-1;-1</Auto016>
    <Auto017>-1;-1</Auto017>
    <Auto018>-1;-1</Auto018>
    <Auto019>-1;-1</Auto019>
    <Auto020>-1;-1</Auto020>
    <Auto021>-1;-1</Auto021>
    <Auto022>-1;-1</Auto022>
    <Auto023>-1;-1</Auto023>
    <Auto024>-1;-1</Auto024>
    <Auto025>-1;-1</Auto025>
    <Auto026>-1;-1</Auto026>
    <Auto027>-1;-1</Auto027>
    <Auto028>-1;-1</Auto028>
    <Auto029>-1;-1</Auto029>
    <Auto030>-1;-1</Auto030>
    <Auto031>-1;-1</Auto031>
    <Auto032>-1;-1</Auto032>
    <Auto033>-1;-1</Auto033>
    <Auto034>-1;-1</Auto034>
    <Auto035>-1;-1</Auto035>
    <Auto036>-1;-1</Auto036>
    <Auto037>-1;-1</Auto037>
    <Auto038>-1;-1</Auto038>
    <Auto039>-1;-1</Auto039>
    <Auto040>-1;-1</Auto040>
    <Auto041>-1;-1</Auto041>
    <Auto042>-1;-1</Auto042>
    <Auto043>-1;-1</Auto043>
    <样品编号示例>-1;-1</样品编号示例>
  </AFP>
  <PIIINP>
    <标准品A>-1;-1</标准品A>
    <标准品B>-1;-1</标准品B>
    <标准品C>-1;-1</标准品C>
    <标准品D>-1;-1</标准品D>
    <标准品E>-1;-1</标准品E>
    <标准品F>-1;-1</标准品F>
    <标准品G>-1;-1</标准品G>
    <质控品L>-1;-1</质控品L>
    <质控品M>-1;-1</质控品M>
    <质控品N>-1;-1</质控品N>
    <yb001>-1;-1</yb001>
    <yb002>-1;-1</yb002>
    <yb003>-1;-1</yb003>
    <yb004>-1;-1</yb004>
    <yb005>-1;-1</yb005>
    <yb006>-1;-1</yb006>
    <yb007>-1;-1</yb007>
    <yb008>-1;-1</yb008>
    <yb009>-1;-1</yb009>
    <yb010>-1;-1</yb010>
    <样品编号示例>-1;-1</样品编号示例>
  </PIIINP>
  <CIV>
    <标准品A>-1;-1</标准品A>
    <标准品B>-1;-1</标准品B>
    <标准品C>-1;-1</标准品C>
    <标准品D>-1;-1</标准品D>
    <标准品E>-1;-1</标准品E>
    <标准品F>-1;-1</标准品F>
    <标准品G>-1;-1</标准品G>
    <质控品L>-1;-1</质控品L>
    <质控品M>-1;-1</质控品M>
    <质控品N>-1;-1</质控品N>
    <yb001>-1;-1</yb001>
    <yb002>-1;-1</yb002>
    <yb003>-1;-1</yb003>
    <yb004>-1;-1</yb004>
    <yb005>-1;-1</yb005>
    <yb006>-1;-1</yb006>
    <yb007>-1;-1</yb007>
    <yb008>-1;-1</yb008>
    <yb009>-1;-1</yb009>
    <yb010>-1;-1</yb010>
    <样品编号示例>-1;-1</样品编号示例>
  </CIV>
  <LN>
    <标准品A>-1;-1</标准品A>
    <标准品B>-1;-1</标准品B>
    <标准品C>-1;-1</标准品C>
    <标准品D>-1;-1</标准品D>
    <标准品E>-1;-1</标准品E>
    <标准品F>-1;-1</标准品F>
    <标准品G>-1;-1</标准品G>
    <质控品L>-1;-1</质控品L>
    <质控品M>-1;-1</质控品M>
    <质控品N>-1;-1</质控品N>
    <样品编号示例>-1;-1</样品编号示例>
  </LN>
  <BGP>
    <标准品A>-1;-1</标准品A>
    <标准品B>-1;-1</标准品B>
    <标准品C>-1;-1</标准品C>
    <标准品D>-1;-1</标准品D>
    <标准品E>-1;-1</标准品E>
    <标准品F>-1;-1</标准品F>
    <标准品G>-1;-1</标准品G>
    <质控品L>-1;-1</质控品L>
    <质控品M>-1;-1</质控品M>
    <质控品N>-1;-1</质控品N>
    <样品编号示例>-1;-1</样品编号示例>
  </BGP>
  <cTnI>
    <标准品A>-1;-1</标准品A>
    <标准品B>-1;-1</标准品B>
    <标准品C>-1;-1</标准品C>
    <标准品D>-1;-1</标准品D>
    <标准品E>-1;-1</标准品E>
    <标准品F>-1;-1</标准品F>
    <标准品G>-1;-1</标准品G>
    <质控品L>-1;-1</质控品L>
    <质控品M>-1;-1</质控品M>
    <质控品N>-1;-1</质控品N>
    <样品编号示例>-1;-1</样品编号示例>
  </cTnI>
  <CK-MB>
    <标准品A>-1;-1</标准品A>
    <标准品B>-1;-1</标准品B>
    <标准品C>-1;-1</标准品C>
    <标准品D>-1;-1</标准品D>
    <标准品E>-1;-1</标准品E>
    <标准品F>-1;-1</标准品F>
    <标准品G>-1;-1</标准品G>
    <质控品L>-1;-1</质控品L>
    <质控品M>-1;-1</质控品M>
    <质控品N>-1;-1</质控品N>
    <样品编号示例>-1;-1</样品编号示例>
  </CK-MB>
  <β2-MG>
    <标准品A>-1;-1</标准品A>
    <标准品B>-1;-1</标准品B>
    <标准品C>-1;-1</标准品C>
    <标准品D>-1;-1</标准品D>
    <标准品E>-1;-1</标准品E>
    <标准品F>-1;-1</标准品F>
    <标准品G>-1;-1</标准品G>
    <质控品L>-1;-1</质控品L>
    <质控品M>-1;-1</质控品M>
    <质控品N>-1;-1</质控品N>
    <样品编号示例>-1;-1</样品编号示例>
  </β2-MG>
  <FA>
    <标准品A>-1;-1</标准品A>
    <标准品B>-1;-1</标准品B>
    <标准品C>-1;-1</标准品C>
    <标准品D>-1;-1</标准品D>
    <标准品E>-1;-1</标准品E>
    <标准品F>-1;-1</标准品F>
    <标准品G>-1;-1</标准品G>
    <质控品L>-1;-1</质控品L>
    <质控品M>-1;-1</质控品M>
    <质控品N>-1;-1</质控品N>
    <样品编号示例>-1;-1</样品编号示例>
  </FA>
  <ACTH>
    <标准品A>-1;-1</标准品A>
    <标准品B>-1;-1</标准品B>
    <标准品C>-1;-1</标准品C>
    <标准品D>-1;-1</标准品D>
    <标准品E>-1;-1</标准品E>
    <标准品F>-1;-1</标准品F>
    <标准品G>-1;-1</标准品G>
    <质控品L>-1;-1</质控品L>
    <质控品M>-1;-1</质控品M>
    <质控品N>-1;-1</质控品N>
    <样品编号示例>-1;-1</样品编号示例>
  </ACTH>
  <ALD>
    <标准品A>-1;-1</标准品A>
    <标准品B>-1;-1</标准品B>
    <标准品C>-1;-1</标准品C>
    <标准品D>-1;-1</标准品D>
    <标准品E>-1;-1</标准品E>
    <标准品F>-1;-1</标准品F>
    <标准品G>-1;-1</标准品G>
    <质控品L>-1;-1</质控品L>
    <质控品M>-1;-1</质控品M>
    <质控品N>-1;-1</质控品N>
    <样品编号示例>-1;-1</样品编号示例>
  </ALD>
  <NT-proBNP>
    <标准品A>-1;-1</标准品A>
    <标准品B>-1;-1</标准品B>
    <标准品C>-1;-1</标准品C>
    <标准品D>-1;-1</标准品D>
    <标准品E>-1;-1</标准品E>
    <标准品F>-1;-1</标准品F>
    <标准品G>-1;-1</标准品G>
    <质控品L>-1;-1</质控品L>
    <质控品M>-1;-1</质控品M>
    <质控品N>-1;-1</质控品N>
    <样品编号示例>-1;-1</样品编号示例>
  </NT-proBNP>
  <X25-OH-Vit-D>
    <标准品A>-1;-1</标准品A>
    <标准品B>-1;-1</标准品B>
    <标准品C>-1;-1</标准品C>
    <标准品D>-1;-1</标准品D>
    <标准品E>-1;-1</标准品E>
    <标准品F>-1;-1</标准品F>
    <标准品G>-1;-1</标准品G>
    <质控品L>-1;-1</质控品L>
    <质控品M>-1;-1</质控品M>
    <质控品N>-1;-1</质控品N>
    <样品编号示例>-1;-1</样品编号示例>
  </X25-OH-Vit-D>
  <iPTH>
    <标准品A>-1;-1</标准品A>
    <标准品B>-1;-1</标准品B>
    <标准品C>-1;-1</标准品C>
    <标准品D>-1;-1</标准品D>
    <标准品E>-1;-1</标准品E>
    <标准品F>-1;-1</标准品F>
    <标准品G>-1;-1</标准品G>
    <质控品L>-1;-1</质控品L>
    <质控品M>-1;-1</质控品M>
    <质控品N>-1;-1</质控品N>
    <样品编号示例>-1;-1</样品编号示例>
  </iPTH>
  <TG>
    <标准品A>-1;-1</标准品A>
    <标准品B>-1;-1</标准品B>
    <标准品C>-1;-1</标准品C>
    <标准品D>-1;-1</标准品D>
    <标准品E>-1;-1</标准品E>
    <标准品F>-1;-1</标准品F>
    <标准品G>-1;-1</标准品G>
    <质控品L>-1;-1</质控品L>
    <质控品M>-1;-1</质控品M>
    <质控品N>-1;-1</质控品N>
    <样品编号示例>-1;-1</样品编号示例>
  </TG>
  <VB12>
    <标准品A>-1;-1</标准品A>
    <标准品B>-1;-1</标准品B>
    <标准品C>-1;-1</标准品C>
    <标准品D>-1;-1</标准品D>
    <标准品E>-1;-1</标准品E>
    <标准品F>-1;-1</标准品F>
    <标准品G>-1;-1</标准品G>
    <质控品L>-1;-1</质控品L>
    <质控品M>-1;-1</质控品M>
    <质控品N>-1;-1</质控品N>
    <样品编号示例>-1;-1</样品编号示例>
  </VB12>
  <HA>
    <标准品A>-1;-1</标准品A>
    <标准品B>-1;-1</标准品B>
    <标准品C>-1;-1</标准品C>
    <标准品D>-1;-1</标准品D>
    <标准品E>-1;-1</标准品E>
    <标准品F>-1;-1</标准品F>
    <标准品G>-1;-1</标准品G>
    <质控品L>-1;-1</质控品L>
    <质控品M>-1;-1</质控品M>
    <质控品N>-1;-1</质控品N>
    <样品编号示例>-1;-1</样品编号示例>
  </HA>
  <CEA>
    <标准品A>5001;20</标准品A>
    <标准品B>150968;20</标准品B>
    <标准品C>239284;20</标准品C>
    <标准品D>663224;20</标准品D>
    <标准品E>1404430;20</标准品E>
    <标准品F>5713368;20</标准品F>
    <标准品G>-1;-1</标准品G>
    <质控品L>-1;-1</质控品L>
    <质控品M>-1;-1</质控品M>
    <质控品N>-1;-1</质控品N>
    <yb17>-1;-1</yb17>
    <yb18>-1;-1</yb18>
    <yb19>-1;-1</yb19>
    <yb0>-1;-1</yb0>
    <yb1>-1;-1</yb1>
    <yb2>-1;-1</yb2>
    <yb3>-1;-1</yb3>
    <yb4>-1;-1</yb4>
    <yb5>-1;-1</yb5>
    <yb6>-1;-1</yb6>
    <yb7>-1;-1</yb7>
    <yb8>-1;-1</yb8>
    <yb9>-1;-1</yb9>
    <yb10>-1;-1</yb10>
    <yb11>-1;-1</yb11>
    <yb12>-1;-1</yb12>
    <yb13>-1;-1</yb13>
    <yb14>-1;-1</yb14>
    <yb15>-1;-1</yb15>
    <yb16>-1;-1</yb16>
    <样品编号示例>-1;1</样品编号示例>
  </CEA>
  <TPOAb>
    <标准品A>-1;-1</标准品A>
    <标准品B>-1;-1</标准品B>
    <标准品C>-1;-1</标准品C>
    <标准品D>-1;-1</标准品D>
    <标准品E>-1;-1</标准品E>
    <标准品F>-1;-1</标准品F>
    <标准品G>-1;-1</标准品G>
    <质控品L>-1;-1</质控品L>
    <质控品M>-1;-1</质控品M>
    <质控品H>-1;-1</质控品H>
    <样品编号示例>-1;-1</样品编号示例>
  </TPOAb>
</实验预设>